"STATION","NAME","LATITUDE","LONGITUDE","ELEVATION","DATE","DT00","DT32","DX32","DX70","DX90","EMNT","EMXT","HDSD","HTDD","TAVG","TMAX","TMIN"
"USC00069388","WEST THOMPSON LAKE, CT US","41.9442","-71.9031","109.7","2000",,,,,,,,,,,,
"USC00069388","WEST THOMPSON LAKE, CT US","41.9442","-71.9031","109.7","2001",,,,,,,,,,,,
"USC00069388","WEST THOMPSON LAKE, CT US","41.9442","-71.9031","109.7","2002",,,,,,,,,,,,
"USC00069388","WEST THOMPSON LAKE, CT US","41.9442","-71.9031","109.7","2003",,,,,,,,,,,,
"USC00069388","WEST THOMPSON LAKE, CT US","41.9442","-71.9031","109.7","2004",,,,,,,,,,,,
"USC00069388","WEST THOMPSON LAKE, CT US","41.9442","-71.9031","109.7","2005","        15","       145","        32","       134","        11","-11","95",,,"48.4","59.4","37.3"
"USC00069388","WEST THOMPSON LAKE, CT US","41.9442","-71.9031","109.7","2006",,,,,,,,"6135","6135",,,
"USC00069388","WEST THOMPSON LAKE, CT US","41.9442","-71.9031","109.7","2007","         4","       155","        39","       148","        11","-1","92",,,"48.0","59.1","37.0"
"USC00069388","WEST THOMPSON LAKE, CT US","41.9442","-71.9031","109.7","2008","         0","       154","        27","       124","         7","2","95","6333","6333","48.6","59.4","37.8"
"USC00069388","WEST THOMPSON LAKE, CT US","41.9442","-71.9031","109.7","2011","        12","       144","        33","       127","         3","-12","98",,,"49.4","60.0","38.8"
"USC00069388","WEST THOMPSON LAKE, CT US","41.9442","-71.9031","109.7","2012","         0","       143","        10","       138","         6","3","95","5493","5493","50.7","61.1","40.2"
"USC00069388","WEST THOMPSON LAKE, CT US","41.9442","-71.9031","109.7","2013","         5","       157","        36","       130","        10","-2","93","6380","6380","48.0","58.6","37.5"
"USC00069388","WEST THOMPSON LAKE, CT US","41.9442","-71.9031","109.7","2014","        15","       152","        41","       127","         0","-12","88","7211","7211","46.8","57.6","36.0"
"USC00069388","WEST THOMPSON LAKE, CT US","41.9442","-71.9031","109.7","2015","        25","       141","        47","       142","         4","-16","95","7220","7220","47.7","59.2","36.3"
"USC00069388","WEST THOMPSON LAKE, CT US","41.9442","-71.9031","109.7","2016","         5","       152","        22","       137","        12","-13","95","5749","5749","49.9","60.9","38.8"
"USC00069388","WEST THOMPSON LAKE, CT US","41.9442","-71.9031","109.7","2017","         8","       138","        29","       143","         5","-6","95","6167","6167","49.1","59.7","38.6"
"USC00069388","WEST THOMPSON LAKE, CT US","41.9442","-71.9031","109.7","2018","         6","       152","        26","       127","         9","-14","95","6445","6445","49.1","58.7","39.4"
"USC00069388","WEST THOMPSON LAKE, CT US","41.9442","-71.9031","109.7","2019","        10","       158","        36","       125","         5","-3","93","6586","6586","47.8","58.2","37.4"
"USC00069388","WEST THOMPSON LAKE, CT US","41.9442","-71.9031","109.7","2020","         0","       146","        14","       136","         7","2","92","6329","6329","50.1","60.7","39.5"
"USC00069388","WEST THOMPSON LAKE, CT US","41.9442","-71.9031","109.7","2021",,,,,,,,"6202","6202",,,
"USC00069388","WEST THOMPSON LAKE, CT US","41.9442","-71.9031","109.7","2022",,,,,,,,,,,,
"USC00069388","WEST THOMPSON LAKE, CT US","41.9442","-71.9031","109.7","2023","         2","       125","         4","       132","         5","-12","93","5244","5244","50.6","60.8","40.5"
"USC00069388","WEST THOMPSON LAKE, CT US","41.9442","-71.9031","109.7","2024","         0","       132","        17","       144","         2","1","92","5364","5364","50.3","60.8","39.8"
"USC00068330","THOMASTON DAM, CT US","41.6931","-73.06","164.0","2011","        10","       149","        16","       146","        17","-11","100",,,"50.5","62.3","38.7"
"USC00068330","THOMASTON DAM, CT US","41.6931","-73.06","164.0","2012","         0","       138","         9","       160","        28","3","100","5265","5265","51.8","63.6","40.1"
"USC00068330","THOMASTON DAM, CT US","41.6931","-73.06","164.0","2013","         3","       165","        23","       148","        23","-4","97","6176","6176","49.2","61.4","37.1"
"USC00068330","THOMASTON DAM, CT US","41.6931","-73.06","164.0","2014","        17","       160","        30","       148","        11","-9","93","6905","6905","48.1","60.4","35.9"
"USC00068330","THOMASTON DAM, CT US","41.6931","-73.06","164.0","2015","        21","       149","        37","       163","        20","-15","95","6767","6767","49.3","62.5","36.1"
"USC00068330","THOMASTON DAM, CT US","41.6931","-73.06","164.0","2016","         6","       156","        21","       159","        38","-12","99","5413","5413","50.8","63.6","38.0"
"USC00068330","THOMASTON DAM, CT US","41.6931","-73.06","164.0","2017",,,,,,,,"5751","5751",,,
"USC00068330","THOMASTON DAM, CT US","41.6931","-73.06","164.0","2018",,,,,,,,,,,,
"USC00068330","THOMASTON DAM, CT US","41.6931","-73.06","164.0","2020",,,,,,,,,,,,
"USC00068330","THOMASTON DAM, CT US","41.6931","-73.06","164.0","2021",,,,,,,,,,,,
"USC00068330","THOMASTON DAM, CT US","41.6931","-73.06","164.0","2022",,,,,,,,,,,,
"USC00068330","THOMASTON DAM, CT US","41.6931","-73.06","164.0","2023",,,,,,,,,,,,
"USC00068330","THOMASTON DAM, CT US","41.6931","-73.06","164.0","2024",,,,,,,,,,,,
"USC00061762","DANBURY, CT US","41.40016","-73.42119","123.4","2000","         2","       116","        34","       138","         9","-2","97",,,"50.3","60.3","40.3"
"USC00061762","DANBURY, CT US","41.40016","-73.42119","123.4","2001","         0","       129","        13","       156","        25","5","103","6146","6146","52.1","62.7","41.5"
"USC00061762","DANBURY, CT US","41.40016","-73.42119","123.4","2002","         0","       119","         8","       148","        42","6","97","5090","5090","52.6","63.0","42.2"
"USC00061762","DANBURY, CT US","41.40016","-73.42119","123.4","2003","         2","       126","        37","       132","        11","-2","95","6279","6279","50.1","59.5","40.8"
"USC00061762","DANBURY, CT US","41.40016","-73.42119","123.4","2004","         7","       119","        33","       147","         5","-4","94","5871","5871","50.9","60.3","41.4"
"USC00061762","DANBURY, CT US","41.40016","-73.42119","123.4","2005","         5","       124","        29","       148","        29","-4","98","5966","5966","51.4","61.5","41.4"
"USC00061762","DANBURY, CT US","41.40016","-73.42119","123.4","2006",,,,,,,,,,,,
"USC00061762","DANBURY, CT US","41.40016","-73.42119","123.4","2007","         0","       126","        31","       162","        21","2","96","5477","5477","51.9","62.2","41.6"
"USC00061762","DANBURY, CT US","41.40016","-73.42119","123.4","2008",,,,,,,,,,,,
"USC00061762","DANBURY, CT US","41.40016","-73.42119","123.4","2009",,,,,,,,,,,,
"USC00061762","DANBURY, CT US","41.40016","-73.42119","123.4","2010",,,,,,,,,,,,
"USC00061762","DANBURY, CT US","41.40016","-73.42119","123.4","2011",,,,,,,,,,,,
"USC00061762","DANBURY, CT US","41.40016","-73.42119","123.4","2012",,,,,,,,,,,,
"USC00061762","DANBURY, CT US","41.40016","-73.42119","123.4","2016","         3","       111","        18","       150","        17","-10","96",,,"53.0","63.0","43.0"
"USC00061762","DANBURY, CT US","41.40016","-73.42119","123.4","2017","         0","       105","        26","       150","        10","2","94","5311","5311","52.1","61.3","42.9"
"USC00061762","DANBURY, CT US","41.40016","-73.42119","123.4","2019",,,,,,,,"5754","5754",,,
"USC00061762","DANBURY, CT US","41.40016","-73.42119","123.4","2022","         1","       118","        26","       151","        24","0","96",,,"52.0","62.0","42.0"
"USC00061762","DANBURY, CT US","41.40016","-73.42119","123.4","2024",,,,,,,,,,,,
"USC00061488","COCKAPONSET RANGER STATION, CT US","41.46139","-72.51972","48.8","2000",,,,,,,,,,,,
"USW00014752","HARTFORD BRAINARD AIRPORT, CT US","41.7352","-72.65115","4.0","2000","         0","       110","        29","       129","         7","1","93","5282","5282","50.7","60.0","41.5"
"USW00014752","HARTFORD BRAINARD AIRPORT, CT US","41.7352","-72.65115","4.0","2001","         0","       123","        12","       154","        18","2","103","5868","5868","52.4","62.3","42.5"
"USW00014752","HARTFORD BRAINARD AIRPORT, CT US","41.7352","-72.65115","4.0","2002","         0","       122","        10","       139","        31","10","97","5070","5070","52.4","61.8","42.9"
"USW00014752","HARTFORD BRAINARD AIRPORT, CT US","41.7352","-72.65115","4.0","2003","         2","       121","        42","       129","         6","0","94","6198","6198","49.9","58.8","40.9"
"USW00014752","HARTFORD BRAINARD AIRPORT, CT US","41.7352","-72.65115","4.0","2004","         4","       117","        34","       152","         4","-5","94","5729","5729","51.2","60.4","41.9"
"USW00014752","HARTFORD BRAINARD AIRPORT, CT US","41.7352","-72.65115","4.0","2005","         3","       125","        31","       143","        25","-2","98","5886","5886","51.6","61.1","42.2"
"USW00014752","HARTFORD BRAINARD AIRPORT, CT US","41.7352","-72.65115","4.0","2006","         0","       104","        12","       135","         9","7","98","5417","5417","53.3","62.4","44.2"
"USW00014752","HARTFORD BRAINARD AIRPORT, CT US","41.7352","-72.65115","4.0","2007","         0","       123","        28","       155","        16","3","96","5456","5456","51.9","61.3","42.4"
"USW00014752","HARTFORD BRAINARD AIRPORT, CT US","41.7352","-72.65115","4.0","2008","         0","       126","        22","       146","         9","6","97","5429","5429","51.8","61.1","42.5"
"USW00014752","HARTFORD BRAINARD AIRPORT, CT US","41.7352","-72.65115","4.0","2009","         1","       112","        32","       135","        10","-2","94","5728","5728","51.6","60.5","42.7"
"USW00014752","HARTFORD BRAINARD AIRPORT, CT US","41.7352","-72.65115","4.0","2010","         0","       102","        20","       167","        35","5","102","5017","5017","54.4","63.7","45.0"
"USW00014752","HARTFORD BRAINARD AIRPORT, CT US","41.7352","-72.65115","4.0","2011","         2","       113","        25","       149","        22","-4","103","5703","5703","53.1","62.3","43.9"
"USW00014752","HARTFORD BRAINARD AIRPORT, CT US","41.7352","-72.65115","4.0","2012","         0","        96","         9","       153","        22","8","99","4519","4519","54.5","63.7","45.3"
"USW00014752","HARTFORD BRAINARD AIRPORT, CT US","41.7352","-72.65115","4.0","2013","         1","       114","        25","       150","        18","-1","96","5413","5413","51.9","61.2","42.7"
"USW00014752","HARTFORD BRAINARD AIRPORT, CT US","41.7352","-72.65115","4.0","2014","         1","       123","        35","       139","         5","-3","90","6048","6048","50.4","59.7","41.2"
"USW00014752","HARTFORD BRAINARD AIRPORT, CT US","41.7352","-72.65115","4.0","2015","         8","       113","        39","       162","        18","-6","96","6254","6254","51.7","61.7","41.8"
"USW00014752","HARTFORD BRAINARD AIRPORT, CT US","41.7352","-72.65115","4.0","2016","         3","       110","        17","       156","        40","-9","100","4700","4700","54.6","64.6","44.6"
"USW00014752","HARTFORD BRAINARD AIRPORT, CT US","41.7352","-72.65115","4.0","2017","         0","       110","        25","       159","        13","0","95","5367","5367","52.6","61.9","43.4"
"USW00014752","HARTFORD BRAINARD AIRPORT, CT US","41.7352","-72.65115","4.0","2018",,,,,,,,,,,,
"USW00014752","HARTFORD BRAINARD AIRPORT, CT US","41.7352","-72.65115","4.0","2019","         1","       121","        26","       144","        17","-1","98","5647","5647","51.9","61.0","42.7"
"USW00014752","HARTFORD BRAINARD AIRPORT, CT US","41.7352","-72.65115","4.0","2020","         0","        92","        12","       150","        32","6","98","5322","5322","54.6","63.9","45.2"
"USW00014752","HARTFORD BRAINARD AIRPORT, CT US","41.7352","-72.65115","4.0","2021","         0","       110","        15","       159","        23","8","99","5092","5092","54.0","63.0","44.9"
"USW00014752","HARTFORD BRAINARD AIRPORT, CT US","41.7352","-72.65115","4.0","2022","         0","       111","        23","       158","        29","2","99","5049","5049","54.0","63.8","44.2"
"USW00014752","HARTFORD BRAINARD AIRPORT, CT US","41.7352","-72.65115","4.0","2023","         2","        87","         2","       154","        14","-6","95","4709","4709","54.7","64.0","45.3"
"USW00014752","HARTFORD BRAINARD AIRPORT, CT US","41.7352","-72.65115","4.0","2024","         0","        88","        10","       165","        20","5","95","4760","4760","54.5","63.9","45.1"
"USC00065445","NORFOLK 2 SW, CT US","41.9725","-73.2208","408.4","2000",,,,,,,,"6996","6996",,,
"USC00065445","NORFOLK 2 SW, CT US","41.9725","-73.2208","408.4","2002",,,,,,,,,,,,
"USC00065445","NORFOLK 2 SW, CT US","41.9725","-73.2208","408.4","2003",,,,,,,,,,,,
"USC00065445","NORFOLK 2 SW, CT US","41.9725","-73.2208","408.4","2004","        15","       147","        68","       106","         0","-13","85","7456","7456","44.8","53.0","36.5"
"USC00065445","NORFOLK 2 SW, CT US","41.9725","-73.2208","408.4","2005","        14","       150","        71","       113","         0","-14","89","7618","7618","45.7","54.2","37.1"
"USC00065445","NORFOLK 2 SW, CT US","41.9725","-73.2208","408.4","2006","         2","       136","        39","       102","         2","-2","92","6916","6916","47.7","56.1","39.4"
"USC00065445","NORFOLK 2 SW, CT US","41.9725","-73.2208","408.4","2007","        11","       153","        64","       122","         2","-5","90","7105","7105","46.0","54.8","37.2"
"USC00065445","NORFOLK 2 SW, CT US","41.9725","-73.2208","408.4","2008","         3","       156","        55","       113","         1","-5","92","7102","7102","46.0","54.8","37.2"
"USC00065445","NORFOLK 2 SW, CT US","41.9725","-73.2208","408.4","2009","         8","       142","        65","        95","         0","-12","88","7482","7482","44.9","53.2","36.7"
"USC00065445","NORFOLK 2 SW, CT US","41.9725","-73.2208","408.4","2010","         3","       134","        62","       124","         2","-5","92","6922","6922","47.4","55.7","39.1"
"USC00065445","NORFOLK 2 SW, CT US","41.9725","-73.2208","408.4","2011","         5","       138","        54","       111","         2","-14","93","7429","7429","47.1","55.5","38.7"
"USC00065445","NORFOLK 2 SW, CT US","41.9725","-73.2208","408.4","2012","         2","       138","        36","       120","         1","-3","91","6186","6186","48.5","57.1","39.9"
"USC00065445","NORFOLK 2 SW, CT US","41.9725","-73.2208","408.4","2013","         4","       156","        59","       108","         2","-5","90","7159","7159","45.9","54.7","37.1"
"USC00065445","NORFOLK 2 SW, CT US","41.9725","-73.2208","408.4","2014","        20","       148","        75","       106","         0","-9","89","7806","7806","44.7","53.5","35.8"
"USC00065445","NORFOLK 2 SW, CT US","41.9725","-73.2208","408.4","2015","        21","       141","        67","       128","         0","-12","89","7832","7832","46.0","55.4","36.6"
"USC00065445","NORFOLK 2 SW, CT US","41.9725","-73.2208","408.4","2016","         9","       145","        49","       126","         2","-19","90","6413","6413","47.7","56.9","38.4"
"USC00065445","NORFOLK 2 SW, CT US","41.9725","-73.2208","408.4","2017","         5","       141","        55","       114","         0","-5","89","6907","6907","46.7","55.3","38.1"
"USC00065445","NORFOLK 2 SW, CT US","41.9725","-73.2208","408.4","2018","         7","       160","        55","       118","         3","-10","92","7260","7260","46.5","54.7","38.2"
"USC00065445","NORFOLK 2 SW, CT US","41.9725","-73.2208","408.4","2019","         7","       154","        63","       105","         2","-12","90","7365","7365","45.5","54.3","36.8"
"USC00065445","NORFOLK 2 SW, CT US","41.9725","-73.2208","408.4","2020","         2","       146","        35","       117","         2","0","93","7107","7107","48.0","56.7","39.4"
"USC00065445","NORFOLK 2 SW, CT US","41.9725","-73.2208","408.4","2021","         2","       144","        60","       113","         2","-2","91","6923","6923","47.3","55.6","38.9"
"USC00065445","NORFOLK 2 SW, CT US","41.9725","-73.2208","408.4","2022","        15","       144","        57","       112","         3","-9","91","6923","6923","46.9","56.1","37.6"
"USC00065445","NORFOLK 2 SW, CT US","41.9725","-73.2208","408.4","2023","         2","       139","        30","       119","         0","-17","89","6559","6559","48.3","56.9","39.8"
"USC00065445","NORFOLK 2 SW, CT US","41.9725","-73.2208","408.4","2024","         3","       134","        44","       126","         2","-4","90","6385","6385","48.6","57.5","39.7"
"USC00060299","BARKHAMSTED, CT US","41.9211","-72.9637","216.4","2000",,,,,,,,,,,,
"USC00060299","BARKHAMSTED, CT US","41.9211","-72.9637","216.4","2001",,,,,,,,,,,,
"USC00060299","BARKHAMSTED, CT US","41.9211","-72.9637","216.4","2002",,,,,,,,,,,,
"USC00060299","BARKHAMSTED, CT US","41.9211","-72.9637","216.4","2003",,,,,,,,,,,,
"USC00060299","BARKHAMSTED, CT US","41.9211","-72.9637","216.4","2004",,,,,,,,,,,,
"USC00060299","BARKHAMSTED, CT US","41.9211","-72.9637","216.4","2006",,,,,,,,,,,,
"USC00060299","BARKHAMSTED, CT US","41.9211","-72.9637","216.4","2007",,,,,,,,,,,,
"USC00060299","BARKHAMSTED, CT US","41.9211","-72.9637","216.4","2009",,,,,,,,,,,,
"USC00060299","BARKHAMSTED, CT US","41.9211","-72.9637","216.4","2010",,,,,,,,,,,,
"USC00060299","BARKHAMSTED, CT US","41.9211","-72.9637","216.4","2011","         8","       147","        33","       134","         6","-10","99",,,"49.5","60.3","38.6"
"USC00060299","BARKHAMSTED, CT US","41.9211","-72.9637","216.4","2012","         2","       137","        15","       150","        17","-1","98","5396","5396","51.3","62.1","40.5"
"USC00060299","BARKHAMSTED, CT US","41.9211","-72.9637","216.4","2013","         4","       160","        38","       146","        18","-4","95","6376","6376","48.5","59.5","37.5"
"USC00060299","BARKHAMSTED, CT US","41.9211","-72.9637","216.4","2014","        20","       152","        51","       139","         4","-8","90","7135","7135","47.2","58.3","36.2"
"USC00060299","BARKHAMSTED, CT US","41.9211","-72.9637","216.4","2015","        28","       148","        53","       160","        11","-14","96","7105","7105","48.6","60.2","37.0"
"USC00060299","BARKHAMSTED, CT US","41.9211","-72.9637","216.4","2016","         7","       148","        29","       151","        24","-20","96","5681","5681","50.6","62.1","39.2"
"USC00060299","BARKHAMSTED, CT US","41.9211","-72.9637","216.4","2017","         8","       141","        36","       150","         9","-3","94","6123","6123","49.3","59.9","38.6"
"USC00060299","BARKHAMSTED, CT US","41.9211","-72.9637","216.4","2018","         7","       167","        29","       142","        23","-9","98","6550","6550","48.8","59.3","38.4"
"USC00060299","BARKHAMSTED, CT US","41.9211","-72.9637","216.4","2019","         9","       160","        42","       137","        14","-12","96","6723","6723","47.8","59.1","36.4"
"USC00060299","BARKHAMSTED, CT US","41.9211","-72.9637","216.4","2020",,,,,,,,,,,,
"USC00060299","BARKHAMSTED, CT US","41.9211","-72.9637","216.4","2021",,,,,,,,,,,,
"USC00060299","BARKHAMSTED, CT US","41.9211","-72.9637","216.4","2022","        11","       142","        33","       148","        18","-6","98","6114","6114","49.8","61.6","38.0"
"USC00060299","BARKHAMSTED, CT US","41.9211","-72.9637","216.4","2024","         2","       140","        18","       158","        17","-2","96","5481","5481","51.5","62.6","40.5"
"USC00068138","STORRS, CT US","41.7951","-72.2285","202.7","2001",,,,,,,,,,,,
"USC00068138","STORRS, CT US","41.7951","-72.2285","202.7","2002",,,,,,,,,,,,
"USC00068138","STORRS, CT US","41.7951","-72.2285","202.7","2003",,,,,,,,,,,,
"USC00068138","STORRS, CT US","41.7951","-72.2285","202.7","2004",,,,,,,,,,,,
"USC00068138","STORRS, CT US","41.7951","-72.2285","202.7","2005",,,,,,,,,,,,
"USC00068138","STORRS, CT US","41.7951","-72.2285","202.7","2006","         0","        97","        27","       109","         5","3","93","5780","5780","50.6","58.6","42.5"
"USC00068138","STORRS, CT US","41.7951","-72.2285","202.7","2007","         5","       133","        50","       130","         1","-2","90","6131","6131","48.6","56.9","40.4"
"USC00068138","STORRS, CT US","41.7951","-72.2285","202.7","2008","         0","       142","        35","       116","         2","2","93","6089","6089","49.0","57.4","40.5"
"USC00068138","STORRS, CT US","41.7951","-72.2285","202.7","2009","         3","       120","        51","       103","         0","-3","88","6613","6613","47.7","55.8","39.6"
"USC00068138","STORRS, CT US","41.7951","-72.2285","202.7","2010","         0","       111","        46","       132","         7","6","94","5987","5987","50.4","58.6","42.3"
"USC00068138","STORRS, CT US","41.7951","-72.2285","202.7","2011","         2","       124","        37","       122","         1","-6","96","6477","6477","49.8","57.9","41.7"
"USC00068138","STORRS, CT US","41.7951","-72.2285","202.7","2012","         0","       107","        12","       129","         3","6","92","5235","5235","51.2","59.4","43.0"
"USC00068138","STORRS, CT US","41.7951","-72.2285","202.7","2013","         1","       135","        43","       118","         2","0","90","6267","6267","48.5","56.6","40.4"
"USC00068138","STORRS, CT US","41.7951","-72.2285","202.7","2014","         2","       134","        53","       106","         0","-3","86","6970","6970","47.2","55.2","39.1"
"USC00068138","STORRS, CT US","41.7951","-72.2285","202.7","2015","        10","       123","        56","       139","         2","-8","92","6945","6945","48.8","57.8","39.8"
"USC00068138","STORRS, CT US","41.7951","-72.2285","202.7","2016","         3","       120","        33","       137","         3","-12","92","5445","5445","51.0","60.2","41.9"
"USC00068138","STORRS, CT US","41.7951","-72.2285","202.7","2017","         0","       115","        30","       128","         3","1","92","5807","5807","50.4","58.9","41.8"
"USC00068138","STORRS, CT US","41.7951","-72.2285","202.7","2018","         4","       133","        30","       123","         4","-7","95","6038","6038","50.0","58.1","41.8"
"USC00068138","STORRS, CT US","41.7951","-72.2285","202.7","2019","         4","       136","        39","       122","         3","-5","93","6391","6391","48.7","57.4","40.0"
"USC00068138","STORRS, CT US","41.7951","-72.2285","202.7","2020","         0","       118","        19","       132","         1","5","90","6133","6133","51.0","59.7","42.3"
"USC00068138","STORRS, CT US","41.7951","-72.2285","202.7","2021","         0","       121","        33","       134","         2","3","92","5917","5917","50.4","58.7","42.1"
"USC00068138","STORRS, CT US","41.7951","-72.2285","202.7","2022","         5","       122","        38","       127","         4","-6","91","6032","6032","49.4","58.4","40.3"
"USC00068138","STORRS, CT US","41.7951","-72.2285","202.7","2023","         2","       114","         7","       125","         1","-11","95","5798","5798","50.9","59.2","42.5"
"USC00068138","STORRS, CT US","41.7951","-72.2285","202.7","2024","         0","       105","        27","       140","         0","2","89","5654","5654","50.8","59.4","42.2"
"USC00063420","HAMPTON, CT US","41.7676","-72.0531","149.4","2007",,,,,,,,,,,,
"USC00063420","HAMPTON, CT US","41.7676","-72.0531","149.4","2009","         5","       140","        43","       108","         0","-7","88","6646","6646","47.4","57.4","37.3"
"USC00063420","HAMPTON, CT US","41.7676","-72.0531","149.4","2010","         2","       128","        32","       141","         7","0","93","6025","6025","50.0","60.2","39.9"
"USC00063420","HAMPTON, CT US","41.7676","-72.0531","149.4","2011","         4","       137","        28","       125","         1","-7","94","6561","6561","49.6","59.7","39.4"
"USC00063420","HAMPTON, CT US","41.7676","-72.0531","149.4","2012","         0","       129","         8","       134","         1","9","91","5301","5301","51.0","61.2","40.9"
"USC00063420","HAMPTON, CT US","41.7676","-72.0531","149.4","2013","         2","       151","        34","       124","         2","0","94","6136","6136","48.4","58.4","38.4"
"USC00063420","HAMPTON, CT US","41.7676","-72.0531","149.4","2014","         5","       153","        43","       120","         0","-9","87","6876","6876","46.8","57.1","36.5"
"USC00063420","HAMPTON, CT US","41.7676","-72.0531","149.4","2015","        21","       139","        48","       140","         2","-12","91","7165","7165","47.9","58.8","37.1"
"USC00063420","HAMPTON, CT US","41.7676","-72.0531","149.4","2016","         3","       148","        23","       136","         3","-14","93","5645","5645","50.1","60.9","39.2"
"USC00063420","HAMPTON, CT US","41.7676","-72.0531","149.4","2017","         2","       132","        28","       136","         3","0","92","6042","6042","49.4","59.3","39.5"
"USC00063420","HAMPTON, CT US","41.7676","-72.0531","149.4","2018","         5","       147","        20","       128","         6","-9","92","6208","6208","49.5","59.1","39.9"
"USC00063420","HAMPTON, CT US","41.7676","-72.0531","149.4","2019","         6","       149","        28","       119","         2","-3","97","6374","6374","48.2","58.4","38.1"
"USC00063420","HAMPTON, CT US","41.7676","-72.0531","149.4","2020","         0","       136","        10","       137","         5","3","90","6152","6152","50.7","61.0","40.4"
"USC00063420","HAMPTON, CT US","41.7676","-72.0531","149.4","2021","         1","       142","        24","       143","         4","0","91","5996","5996","50.0","60.1","40.0"
"USC00063420","HAMPTON, CT US","41.7676","-72.0531","149.4","2022","         4","       137","        28","       139","         9","-2","92","5932","5932","49.9","60.8","38.9"
"USC00063420","HAMPTON, CT US","41.7676","-72.0531","149.4","2023","         2","       126","         4","       134","         1","-11","93","5412","5412","51.0","61.1","40.8"
"USC00063420","HAMPTON, CT US","41.7676","-72.0531","149.4","2024","         0","       123","        17","       143","         0","2","88","5643","5643","50.6","60.6","40.7"
"USW00094702","IGOR I SIKORSKY MEMORIAL AIRPORT, CT US","41.16424","-73.12664","1.8","2000","         0","        97","        28","       116","         1","1","90","5229","5229","51.2","58.6","43.7"
"USW00094702","IGOR I SIKORSKY MEMORIAL AIRPORT, CT US","41.16424","-73.12664","1.8","2001","         0","        92","        12","       142","         9","11","100","5753","5753","53.3","61.1","45.4"
"USW00094702","IGOR I SIKORSKY MEMORIAL AIRPORT, CT US","41.16424","-73.12664","1.8","2002","         0","        88","         6","       135","        14","15","96","4714","4714","53.3","61.1","45.6"
"USW00094702","IGOR I SIKORSKY MEMORIAL AIRPORT, CT US","41.16424","-73.12664","1.8","2003","         0","       105","        37","       118","         7","3","93","6065","6065","51.0","58.2","43.9"
"USW00094702","IGOR I SIKORSKY MEMORIAL AIRPORT, CT US","41.16424","-73.12664","1.8","2004","         3","        95","        33","       137","         0","-2","88","5541","5541","52.3","59.8","44.9"
"USW00094702","IGOR I SIKORSKY MEMORIAL AIRPORT, CT US","41.16424","-73.12664","1.8","2005","         0","        97","        19","       134","        14","2","97","5238","5238","53.0","60.5","45.4"
"USW00094702","IGOR I SIKORSKY MEMORIAL AIRPORT, CT US","41.16424","-73.12664","1.8","2006","         0","        78","         8","       128","         8","10","97","5098","5098","53.9","61.6","46.2"
"USW00094702","IGOR I SIKORSKY MEMORIAL AIRPORT, CT US","41.16424","-73.12664","1.8","2007","         0","       102","        21","       146","         4","5","95","5168","5168","52.6","60.4","44.9"
"USW00094702","IGOR I SIKORSKY MEMORIAL AIRPORT, CT US","41.16424","-73.12664","1.8","2008","         0","        97","        11","       134","         8","9","97","4976","4976","53.3","61.1","45.5"
"USW00094702","IGOR I SIKORSKY MEMORIAL AIRPORT, CT US","41.16424","-73.12664","1.8","2009","         0","       101","        28","       117","         1","3","91","5623","5623","51.4","58.8","44.1"
"USW00094702","IGOR I SIKORSKY MEMORIAL AIRPORT, CT US","41.16424","-73.12664","1.8","2010","         0","        88","        18","       153","        18","7","98","5011","5011","54.2","62.0","46.5"
"USW00094702","IGOR I SIKORSKY MEMORIAL AIRPORT, CT US","41.16424","-73.12664","1.8","2011","         1","        86","        19","       132","         7","0","103","5446","5446","54.1","61.7","46.4"
"USW00094702","IGOR I SIKORSKY MEMORIAL AIRPORT, CT US","41.16424","-73.12664","1.8","2012","         0","        67","         3","       138","        13","12","96","4210","4210","55.6","63.2","48.1"
"USW00094702","IGOR I SIKORSKY MEMORIAL AIRPORT, CT US","41.16424","-73.12664","1.8","2013","         0","       104","        21","       129","        14","7","95","5154","5154","52.9","60.5","45.4"
"USW00094702","IGOR I SIKORSKY MEMORIAL AIRPORT, CT US","41.16424","-73.12664","1.8","2014","         0","       104","        28","       136","         2","2","91","5668","5668","52.1","59.8","44.5"
"USW00094702","IGOR I SIKORSKY MEMORIAL AIRPORT, CT US","41.16424","-73.12664","1.8","2015","         1","        89","        34","       146","         8","-2","94","5723","5723","53.3","61.4","45.1"
"USW00094702","IGOR I SIKORSKY MEMORIAL AIRPORT, CT US","41.16424","-73.12664","1.8","2016","         1","        81","        13","       143","        18","-6","97","4472","4472","55.3","63.3","47.4"
"USW00094702","IGOR I SIKORSKY MEMORIAL AIRPORT, CT US","41.16424","-73.12664","1.8","2017","         0","        76","        17","       143","        12","6","94","4619","4619","54.6","62.2","47.0"
"USW00094702","IGOR I SIKORSKY MEMORIAL AIRPORT, CT US","41.16424","-73.12664","1.8","2018","         1","        94","        14","       137","        13","-2","94","5141","5141","53.7","61.0","46.5"
"USW00094702","IGOR I SIKORSKY MEMORIAL AIRPORT, CT US","41.16424","-73.12664","1.8","2019","         0","       103","        13","       135","        13","3","99","5207","5207","53.4","61.0","45.8"
"USW00094702","IGOR I SIKORSKY MEMORIAL AIRPORT, CT US","41.16424","-73.12664","1.8","2020","         0","        64","         6","       139","        11","11","95","4885","4885","55.3","62.9","47.7"
"USW00094702","IGOR I SIKORSKY MEMORIAL AIRPORT, CT US","41.16424","-73.12664","1.8","2021","         0","        84","         8","       147","        13","12","96","4835","4835","54.8","62.4","47.1"
"USW00094702","IGOR I SIKORSKY MEMORIAL AIRPORT, CT US","41.16424","-73.12664","1.8","2022","         0","        98","        18","       142","        11","6","94","4919","4919","53.7","61.7","45.7"
"USW00094702","IGOR I SIKORSKY MEMORIAL AIRPORT, CT US","41.16424","-73.12664","1.8","2023","         1","        74","         2","       138","         4","-4","93","4655","4655","54.8","62.5","47.1"
"USW00094702","IGOR I SIKORSKY MEMORIAL AIRPORT, CT US","41.16424","-73.12664","1.8","2024","         0","        67","        10","       154","         7","9","93","4591","4591","55.2","62.8","47.6"
"USW00054788","MERIDEN MARKHAM MUNICIPAL AIRPORT, CT US","41.50969","-72.82783","29.6","2000","         2","       119",,,,"-1",,,,,,"39.8"
"USW00054788","MERIDEN MARKHAM MUNICIPAL AIRPORT, CT US","41.50969","-72.82783","29.6","2001","         1","       141","        16","       151","        15","-4","102",,,"50.6","61.8","39.5"
"USW00054788","MERIDEN MARKHAM MUNICIPAL AIRPORT, CT US","41.50969","-72.82783","29.6","2002","         0","       140","         7","       141","        29","1","97","5392","5392","51.3","62.0","40.5"
"USW00054788","MERIDEN MARKHAM MUNICIPAL AIRPORT, CT US","41.50969","-72.82783","29.6","2003","         7","       137","        38","       127","         9","-9","93","6549","6549","49.1","58.9","39.3"
"USW00054788","MERIDEN MARKHAM MUNICIPAL AIRPORT, CT US","41.50969","-72.82783","29.6","2004","        12","       130","        35","       143","         1","-10","92","6075","6075","49.6","59.6","39.5"
"USW00054788","MERIDEN MARKHAM MUNICIPAL AIRPORT, CT US","41.50969","-72.82783","29.6","2006",,,,,,,,,,,,
"USW00054788","MERIDEN MARKHAM MUNICIPAL AIRPORT, CT US","41.50969","-72.82783","29.6","2007","         0","       140","        29","       158","        12","3","93","5643","5643","50.9","61.3","40.5"
"USW00054788","MERIDEN MARKHAM MUNICIPAL AIRPORT, CT US","41.50969","-72.82783","29.6","2008","         1","       136","        20","       146","        10","-3","96","5644","5644","51.0","61.4","40.6"
"USW00054788","MERIDEN MARKHAM MUNICIPAL AIRPORT, CT US","41.50969","-72.82783","29.6","2009","         4","       130","        31","       128","         6","-10","94","6109","6109","49.8","59.8","39.8"
"USW00054788","MERIDEN MARKHAM MUNICIPAL AIRPORT, CT US","41.50969","-72.82783","29.6","2010","         0","       122","        22","       161","        25","4","102","5485","5485","52.2","62.9","41.6"
"USW00054788","MERIDEN MARKHAM MUNICIPAL AIRPORT, CT US","41.50969","-72.82783","29.6","2011","         7","       129","        22","       144","        14","-5","102","6071","6071","51.7","62.1","41.3"
"USW00054788","MERIDEN MARKHAM MUNICIPAL AIRPORT, CT US","41.50969","-72.82783","29.6","2012","         0","       123","         7","       150","        14","5","99","4824","4824","53.1","63.4","42.8"
"USW00054788","MERIDEN MARKHAM MUNICIPAL AIRPORT, CT US","41.50969","-72.82783","29.6","2013","         1","       134","        26","       148","        15","-5","95","5716","5716","50.6","60.9","40.4"
"USW00054788","MERIDEN MARKHAM MUNICIPAL AIRPORT, CT US","41.50969","-72.82783","29.6","2014",,,,,,,,,,,,
"USW00054788","MERIDEN MARKHAM MUNICIPAL AIRPORT, CT US","41.50969","-72.82783","29.6","2015","        12","       122","        35","       159","        22","-10","97","6419","6419","51.2","62.3","40.1"
"USW00054788","MERIDEN MARKHAM MUNICIPAL AIRPORT, CT US","41.50969","-72.82783","29.6","2016","         3","       119","        15","       160","        26","-8","97","4822","4822","53.4","64.4","42.4"
"USW00054788","MERIDEN MARKHAM MUNICIPAL AIRPORT, CT US","41.50969","-72.82783","29.6","2017","         3","       114","        21","       149","         9","-3","94","5303","5303","51.6","61.7","41.4"
"USW00054788","MERIDEN MARKHAM MUNICIPAL AIRPORT, CT US","41.50969","-72.82783","29.6","2018","         3","       132","        19","       142","        20","-14","98","5862","5862","51.4","61.0","41.7"
"USW00054788","MERIDEN MARKHAM MUNICIPAL AIRPORT, CT US","41.50969","-72.82783","29.6","2019","         1","       129","        26","       139","        18","-1","98","5814","5814","50.9","60.8","40.9"
"USW00054788","MERIDEN MARKHAM MUNICIPAL AIRPORT, CT US","41.50969","-72.82783","29.6","2020",,,,,,,,"5643","5643",,,
"USW00054788","MERIDEN MARKHAM MUNICIPAL AIRPORT, CT US","41.50969","-72.82783","29.6","2021","         0","       126","        18","       151","        19","6","98",,,"52.4","62.4","42.4"
"USW00054788","MERIDEN MARKHAM MUNICIPAL AIRPORT, CT US","41.50969","-72.82783","29.6","2022","         2","       129","        23","       154","        22","-6","96","5449","5449","52.0","62.8","41.3"
"USW00054788","MERIDEN MARKHAM MUNICIPAL AIRPORT, CT US","41.50969","-72.82783","29.6","2023","         2","       111","         3","       146","        13","-6","94","5157","5157","53.1","63.4","42.9"
"USW00054788","MERIDEN MARKHAM MUNICIPAL AIRPORT, CT US","41.50969","-72.82783","29.6","2024",,,,,,,,"5031","5031",,,
"USW00054767","WILLIMANTIC WINDHAM AIRPORT, CT US","41.74249","-72.18246","74.9","2000","         2","       122","        35","       127","         5","-4","92","5769","5769","49.2","59.5","38.9"
"USW00054767","WILLIMANTIC WINDHAM AIRPORT, CT US","41.74249","-72.18246","74.9","2001","         4","       143","        16","       154","        13","-1","101","6365","6365","50.9","62.0","39.7"
"USW00054767","WILLIMANTIC WINDHAM AIRPORT, CT US","41.74249","-72.18246","74.9","2002","         1","       152","        10","       134","        18","-2","96","5428","5428","50.2","61.0","39.5"
"USW00054767","WILLIMANTIC WINDHAM AIRPORT, CT US","41.74249","-72.18246","74.9","2003","         9","       140","        43","       128","         9","-13","93","6908","6908","48.3","58.3","38.3"
"USW00054767","WILLIMANTIC WINDHAM AIRPORT, CT US","41.74249","-72.18246","74.9","2004",,,,,,,,"6294","6294",,,
"USW00054767","WILLIMANTIC WINDHAM AIRPORT, CT US","41.74249","-72.18246","74.9","2005","        11","       144","        38","       137","        18","-9","97",,,"49.2","59.8","38.6"
"USW00054767","WILLIMANTIC WINDHAM AIRPORT, CT US","41.74249","-72.18246","74.9","2006","         0","       134","        14","       120","         7","4","96","5883","5883","51.3","61.5","41.1"
"USW00054767","WILLIMANTIC WINDHAM AIRPORT, CT US","41.74249","-72.18246","74.9","2007","         0","       148","        33","       151","         8","1","93","6004","6004","49.6","60.3","38.9"
"USW00054767","WILLIMANTIC WINDHAM AIRPORT, CT US","41.74249","-72.18246","74.9","2008","         0","       139","        24","       141","         8","3","96","5863","5863","50.4","60.9","39.9"
"USW00054767","WILLIMANTIC WINDHAM AIRPORT, CT US","41.74249","-72.18246","74.9","2009",,,,,,,,,,,,
"USW00054767","WILLIMANTIC WINDHAM AIRPORT, CT US","41.74249","-72.18246","74.9","2010","         0","       125","        25","       152","        17","0","99","5497","5497","51.7","62.0","41.3"
"USW00054767","WILLIMANTIC WINDHAM AIRPORT, CT US","41.74249","-72.18246","74.9","2011","         8","       135","        26","       140","         7","-12","100","6268","6268","51.2","61.6","40.7"
"USW00054767","WILLIMANTIC WINDHAM AIRPORT, CT US","41.74249","-72.18246","74.9","2012","         0","       123","         9","       150","        16","5","98","4890","4890","53.2","63.5","42.9"
"USW00054767","WILLIMANTIC WINDHAM AIRPORT, CT US","41.74249","-72.18246","74.9","2013","         2","       145","        28","       140","        15","-6","97","5692","5692","50.1","60.4","39.8"
"USW00054767","WILLIMANTIC WINDHAM AIRPORT, CT US","41.74249","-72.18246","74.9","2014","         7","       135","        36","       141","         3","-9","90","6540","6540","49.3","59.8","38.8"
"USW00054767","WILLIMANTIC WINDHAM AIRPORT, CT US","41.74249","-72.18246","74.9","2015","        19","       128","        39","       157","        14","-16","96","6527","6527","50.4","61.7","39.2"
"USW00054767","WILLIMANTIC WINDHAM AIRPORT, CT US","41.74249","-72.18246","74.9","2016",,,,,,,,"4958","4958",,,
"USW00054767","WILLIMANTIC WINDHAM AIRPORT, CT US","41.74249","-72.18246","74.9","2017","         3","       120","        22","       159","        14","-6","97",,,"52.2","62.5","41.8"
"USW00054767","WILLIMANTIC WINDHAM AIRPORT, CT US","41.74249","-72.18246","74.9","2018","         4","       131","        18","       148","        21","-8","98","5720","5720","51.5","61.2","41.8"
"USW00054767","WILLIMANTIC WINDHAM AIRPORT, CT US","41.74249","-72.18246","74.9","2019","         2","       139","        23","       137","        10","-2","96","6082","6082","49.9","60.0","39.7"
"USW00054767","WILLIMANTIC WINDHAM AIRPORT, CT US","41.74249","-72.18246","74.9","2020","         0","       130","        11","       142","        13","0","94","5839","5839","52.1","62.6","41.6"
"USW00054767","WILLIMANTIC WINDHAM AIRPORT, CT US","41.74249","-72.18246","74.9","2021","         0","       131","        21","       152","        11","0","95","5703","5703","51.4","61.4","41.5"
"USW00054767","WILLIMANTIC WINDHAM AIRPORT, CT US","41.74249","-72.18246","74.9","2022","         4","       130","        28","       148","        18","-9","95","5720","5720","50.9","61.7","40.0"
"USW00054767","WILLIMANTIC WINDHAM AIRPORT, CT US","41.74249","-72.18246","74.9","2023","         2","       120","         2","       145","         6","-9","93","5379","5379","52.1","62.5","41.8"
"USW00054767","WILLIMANTIC WINDHAM AIRPORT, CT US","41.74249","-72.18246","74.9","2024","         0","       128","        12","       149","         8","2","94","5414","5414","51.7","62.0","41.4"
"USC00060973","BURLINGTON, CT US","41.7944","-72.932","153.9","2000",,,,,,,,,,,,
"USC00060973","BURLINGTON, CT US","41.7944","-72.932","153.9","2002",,,,,,,,,,,,
"USC00060973","BURLINGTON, CT US","41.7944","-72.932","153.9","2004",,,"        38","       148","         3",,"92",,,,"59.3",
"USC00060973","BURLINGTON, CT US","41.7944","-72.932","153.9","2005",,,,,,,,"5874","5874",,,
"USC00060973","BURLINGTON, CT US","41.7944","-72.932","153.9","2006","         0","       129",,,,"2",,,,,,"40.5"
"USC00060973","BURLINGTON, CT US","41.7944","-72.932","153.9","2007","         1","       138","        37","       150","        14","-1","95",,,"49.5","60.4","38.7"
"USC00060973","BURLINGTON, CT US","41.7944","-72.932","153.9","2008","         1","       152","        23","       141","         7","0","95","6031","6031","49.4","60.1","38.6"
"USC00060973","BURLINGTON, CT US","41.7944","-72.932","153.9","2009","         6","       132","        38","       130","         7","-7","92","6451","6451","48.5","58.9","38.2"
"USC00060973","BURLINGTON, CT US","41.7944","-72.932","153.9","2010","         2","       123","        28","       160","        18","0","98","5812","5812","51.5","61.9","41.0"
"USC00060973","BURLINGTON, CT US","41.7944","-72.932","153.9","2011","         6","       130","        22","       141","        12","-5","100","6132","6132","51.2","62.0","40.5"
"USC00060973","BURLINGTON, CT US","41.7944","-72.932","153.9","2012","         0","       123","        11","       152","        22","4","99","4987","4987","52.8","63.4","42.2"
"USC00060973","BURLINGTON, CT US","41.7944","-72.932","153.9","2013","         0","       148","        32","       147","        19","1","96","5997","5997","49.7","60.3","39.1"
"USC00060973","BURLINGTON, CT US","41.7944","-72.932","153.9","2014","        10","       148","        43","       144","         6","-5","90","6751","6751","48.5","59.4","37.7"
"USC00060973","BURLINGTON, CT US","41.7944","-72.932","153.9","2015","        19","       134","        45","       159","        12","-12","97","6704","6704","49.7","61.0","38.4"
"USC00060973","BURLINGTON, CT US","41.7944","-72.932","153.9","2016","         5","       130","        20","       154","        23","-25","96","5318","5318","51.7","63.1","40.3"
"USC00060973","BURLINGTON, CT US","41.7944","-72.932","153.9","2017","         5","       132","        25","       152","        14","-9","96","5767","5767","50.7","61.3","40.1"
"USC00060973","BURLINGTON, CT US","41.7944","-72.932","153.9","2018","         5","       159","        22","       144","        24","-7","98","6115","6115","49.7","60.5","38.9"
"USC00060973","BURLINGTON, CT US","41.7944","-72.932","153.9","2019","         9","       162","        30","       143","        12","-14","97","6558","6558","48.0","60.0","35.9"
"USC00060973","BURLINGTON, CT US","41.7944","-72.932","153.9","2020",,,,,,,,,,,,
"USC00060973","BURLINGTON, CT US","41.7944","-72.932","153.9","2021",,,,,,,,,,,,
"USC00060973","BURLINGTON, CT US","41.7944","-72.932","153.9","2022","         8","       131","        24","       151","        17","-6","95","5739","5739","50.9","62.5","39.4"
"USC00060973","BURLINGTON, CT US","41.7944","-72.932","153.9","2024","         2","       116","        13","       162","        16","-2","96","5238","5238","52.6","63.2","42.1"
"USW00014707","GROTON NEW LONDON AIRPORT, CT US","41.32792","-72.04893","2.5","2000","         0","       105","        24","       105","         0","3","89",,,"49.6","57.6","41.7"
"USW00014707","GROTON NEW LONDON AIRPORT, CT US","41.32792","-72.04893","2.5","2001","         0","       119","        10","       125","         0","10","89","6025","6025","51.2","59.3","43.0"
"USW00014707","GROTON NEW LONDON AIRPORT, CT US","41.32792","-72.04893","2.5","2002","         0","       102","         7","       124","         2","10","93","5016","5016","51.5","59.5","43.4"
"USW00014707","GROTON NEW LONDON AIRPORT, CT US","41.32792","-72.04893","2.5","2003","         1","       121","        37","       108","         0","-3","88","6370","6370","49.2","56.8","41.5"
"USW00014707","GROTON NEW LONDON AIRPORT, CT US","41.32792","-72.04893","2.5","2004",,,,,,,,,,,,
"USW00014707","GROTON NEW LONDON AIRPORT, CT US","41.32792","-72.04893","2.5","2005","         2","       124","        24","       118","         3","-2","91","6052","6052","50.2","58.3","42.0"
"USW00014707","GROTON NEW LONDON AIRPORT, CT US","41.32792","-72.04893","2.5","2006","         0","        98","         9","       114","         3","8","92","5448","5448","51.9","59.9","43.8"
"USW00014707","GROTON NEW LONDON AIRPORT, CT US","41.32792","-72.04893","2.5","2007","         0","       118","        24","       133","         1","3","90","5569","5569","50.6","58.7","42.5"
"USW00014707","GROTON NEW LONDON AIRPORT, CT US","41.32792","-72.04893","2.5","2008","         0","       117","        14","       119","         0","7","89","5490","5490","51.1","59.4","42.9"
"USW00014707","GROTON NEW LONDON AIRPORT, CT US","41.32792","-72.04893","2.5","2009","         2","       107","        27","       103","         0","-7","88","5886","5886","50.0","57.7","42.3"
"USW00014707","GROTON NEW LONDON AIRPORT, CT US","41.32792","-72.04893","2.5","2010","         0","       102","        17","       140","         6","7","101","5178","5178","53.1","61.2","45.0"
"USW00014707","GROTON NEW LONDON AIRPORT, CT US","41.32792","-72.04893","2.5","2011","         0","       108","        16","       124","         3","1","95","5638","5638","52.0","60.1","43.9"
"USW00014707","GROTON NEW LONDON AIRPORT, CT US","41.32792","-72.04893","2.5","2012","         0","        88","         6","       122","         2","9","92","4688","4688","53.4","61.4","45.3"
"USW00014707","GROTON NEW LONDON AIRPORT, CT US","41.32792","-72.04893","2.5","2013","         0","       113","        20","       125","         4","5","95","5419","5419","51.2","59.4","42.9"
"USW00014707","GROTON NEW LONDON AIRPORT, CT US","41.32792","-72.04893","2.5","2014","         1","       116","        28","       121","         0","-1","86","5907","5907","49.7","58.2","41.3"
"USW00014707","GROTON NEW LONDON AIRPORT, CT US","41.32792","-72.04893","2.5","2015","         4","       110","        32","       127","         0","-5","89","6352","6352","50.6","59.1","42.0"
"USW00014707","GROTON NEW LONDON AIRPORT, CT US","41.32792","-72.04893","2.5","2016",,,,,,,,,,,,
"USW00014707","GROTON NEW LONDON AIRPORT, CT US","41.32792","-72.04893","2.5","2017","         0","        93","        22","       128","         0","6","89","4997","4997","52.0","60.0","44.1"
"USW00014707","GROTON NEW LONDON AIRPORT, CT US","41.32792","-72.04893","2.5","2018","         1","       110","        11","       132","         2","-2","91","5435","5435","51.9","59.5","44.3"
"USW00014707","GROTON NEW LONDON AIRPORT, CT US","41.32792","-72.04893","2.5","2019","         0","       109","        13","       129","         3","1","94","5521","5521","51.9","59.9","43.9"
"USW00014707","GROTON NEW LONDON AIRPORT, CT US","41.32792","-72.04893","2.5","2020","         0","        93","         6","       123","         2","9","92","5462","5462","52.4","60.3","44.4"
"USW00014707","GROTON NEW LONDON AIRPORT, CT US","41.32792","-72.04893","2.5","2021","         0","       104","        11","       132","         0","9","88","5321","5321","52.2","60.1","44.2"
"USW00014707","GROTON NEW LONDON AIRPORT, CT US","41.32792","-72.04893","2.5","2022",,,"        14","       138","         6",,"93",,,,"61.9",
"USW00014707","GROTON NEW LONDON AIRPORT, CT US","41.32792","-72.04893","2.5","2023","         1","        78","         2","       137","         1","-4","90","4528","4528","54.6","62.8","46.4"
"USW00014707","GROTON NEW LONDON AIRPORT, CT US","41.32792","-72.04893","2.5","2024",,,,,,,,"4744","4744",,,
"USC00063207","GROTON, CT US","41.35024","-72.0377","12.2","2000","         0","       105","        24","       121","         2","1","94","5555","5555","49.8","58.8","40.9"
"USC00063207","GROTON, CT US","41.35024","-72.0377","12.2","2001",,,,,,,,,,,,
"USC00063207","GROTON, CT US","41.35024","-72.0377","12.2","2002","         0","        85","         4","       132","         9","12","96","4411","4411","53.3","61.5","45.2"
"USC00063207","GROTON, CT US","41.35024","-72.0377","12.2","2003","         1","       102","        34","       116","         2","-4","90","5729","5729","51.0","58.5","43.5"
"USC00063207","GROTON, CT US","41.35024","-72.0377","12.2","2004","         3","       100","        24","       124","         0","-3","88","5182","5182","51.3","59.1","43.6"
"USC00063207","GROTON, CT US","41.35024","-72.0377","12.2","2005",,,,,,,,,,,,
"USC00063207","GROTON, CT US","41.35024","-72.0377","12.2","2007",,,,,,,,,,,,
"USC00063207","GROTON, CT US","41.35024","-72.0377","12.2","2008","         0","        99","        11","       127","         2","8","91",,,"52.4","60.3","44.5"
"USC00063207","GROTON, CT US","41.35024","-72.0377","12.2","2009",,,,,,,,,,,,
"USC00063207","GROTON, CT US","41.35024","-72.0377","12.2","2010",,,,,,,,,,,,
"USC00063207","GROTON, CT US","41.35024","-72.0377","12.2","2011","         0","        93","        16","       127","         3","1","97",,,"53.2","60.9","45.4"
"USC00063207","GROTON, CT US","41.35024","-72.0377","12.2","2012",,,,,,,,,,,,
"USC00063207","GROTON, CT US","41.35024","-72.0377","12.2","2024",,,,,,,,"4684","4684",,,
"USC00062658","FALLS VILLAGE, CT US","41.95","-73.36667","167.6","2000","        12","       164","        34","       142","         7","-10","94","6243","6243","47.8","60.1","35.5"
"USC00062658","FALLS VILLAGE, CT US","41.95","-73.36667","167.6","2001","         4","       157","        16","       154","        19","-5","99","6840","6840","49.0","62.0","36.0"
"USC00062658","FALLS VILLAGE, CT US","41.95","-73.36667","167.6","2002","         0","       155","        11","       143","        29","2","104","5737","5737","49.8","61.8","37.8"
"USC00062658","FALLS VILLAGE, CT US","41.95","-73.36667","167.6","2003","        15","       140","        49","       119","         2","-10","91",,,"47.3","57.3","37.3"
"USC00062658","FALLS VILLAGE, CT US","41.95","-73.36667","167.6","2004",,,,,,,,"6433","6433",,,
"USC00062658","FALLS VILLAGE, CT US","41.95","-73.36667","167.6","2006",,,,,,,,"6466","6466",,,
"USC00062658","FALLS VILLAGE, CT US","41.95","-73.36667","167.6","2007","         4","       151","        49","       130","         3","-3","92",,,"47.0","57.3","36.7"
"USC00062658","FALLS VILLAGE, CT US","41.95","-73.36667","167.6","2008",,,,,,,,,,,,
"USC00062658","FALLS VILLAGE, CT US","41.95","-73.36667","167.6","2009","         6","       150","        47","       111","         0","-12","89",,,"46.5","56.1","36.8"
"USC00062658","FALLS VILLAGE, CT US","41.95","-73.36667","167.6","2010","         3","       147","        39","       135","         7","-1","94","6386","6386","48.7","58.9","38.6"
"USC00062658","FALLS VILLAGE, CT US","41.95","-73.36667","167.6","2011","        13","       150","        31","       140","        27","-14","102","6782","6782","49.6","62.0","37.2"
"USC00062658","FALLS VILLAGE, CT US","41.95","-73.36667","167.6","2012",,,,,,,,"5249","5249",,,
"USC00062658","FALLS VILLAGE, CT US","41.95","-73.36667","167.6","2013","         7","       163","        35","       145","        23","-6","99",,,"48.2","60.6","35.9"
"USW00064707","OXFORD WATERBURY, CT US","41.48333","-73.13333","221.3","2017",,,,,,,,,,,,
"USW00064707","OXFORD WATERBURY, CT US","41.48333","-73.13333","221.3","2018","         2","       130","        23","       128","         6","-9","93",,,"50.2","58.5","41.9"
"USW00064707","OXFORD WATERBURY, CT US","41.48333","-73.13333","221.3","2019","         2","       125","        35","       121","         2","-4","94","5954","5954","49.4","58.2","40.6"
"USW00064707","OXFORD WATERBURY, CT US","41.48333","-73.13333","221.3","2020","         0","       108","        14","       131","         5","4","92","5769","5769","51.5","60.4","42.6"
"USW00064707","OXFORD WATERBURY, CT US","41.48333","-73.13333","221.3","2021","         0","       122","        29","       143","         6","5","95","5658","5658","51.2","59.9","42.5"
"USW00064707","OXFORD WATERBURY, CT US","41.48333","-73.13333","221.3","2022","         0","       114","        29","       130","        10","0","92","5572","5572","50.6","60.1","41.1"
"USW00064707","OXFORD WATERBURY, CT US","41.48333","-73.13333","221.3","2023","         2","       104","         4","       130","         2","-9","92","5381","5381","51.8","60.6","42.9"
"USW00064707","OXFORD WATERBURY, CT US","41.48333","-73.13333","221.3","2024","         1","       104","        16","       135","         3","-1","91","5441","5441","51.5","60.5","42.6"
"USC00065077","MOUNT CARMEL, CT US","41.40723","-72.90301","52.7","2015","         8","       122","        33","       154","         9","-9","94",,,"51.4","61.8","41.0"
"USC00065077","MOUNT CARMEL, CT US","41.40723","-72.90301","52.7","2016","         2","       121","        13","       154","        19","-9","95","4872","4872","53.3","63.8","42.8"
"USC00065077","MOUNT CARMEL, CT US","41.40723","-72.90301","52.7","2017","         1","       106","        17","       154","         9","-1","95","5222","5222","52.6","62.4","42.8"
"USC00065077","MOUNT CARMEL, CT US","41.40723","-72.90301","52.7","2018","         4","       121","        14","       149","        18","-9","96","5490","5490","52.4","61.9","43.0"
"USC00065077","MOUNT CARMEL, CT US","41.40723","-72.90301","52.7","2019",,,,,,,,"5717","5717",,,
"USC00069775","WOODBURY, CT US","41.5537","-73.2296","198.1","2000",,,,,,,,,,,,
"USC00069775","WOODBURY, CT US","41.5537","-73.2296","198.1","2001",,,,,,,,,,,,
"USC00069775","WOODBURY, CT US","41.5537","-73.2296","198.1","2002",,,,,,,,,,,,
"USC00069775","WOODBURY, CT US","41.5537","-73.2296","198.1","2003",,,,,,,,,,,,
"USC00069775","WOODBURY, CT US","41.5537","-73.2296","198.1","2004",,,,,,,,,,,,
"USC00069775","WOODBURY, CT US","41.5537","-73.2296","198.1","2005",,,,,,,,,,,,
"USC00069775","WOODBURY, CT US","41.5537","-73.2296","198.1","2006","         0","       109","        12","       113","         7","4","97",,,"51.8","60.9","42.7"
"USC00069775","WOODBURY, CT US","41.5537","-73.2296","198.1","2007",,,,,,,,,,,,
"USC00069775","WOODBURY, CT US","41.5537","-73.2296","198.1","2008","         0","       139","        25","       121","         3","2","93","5582","5582","49.6","58.7","40.4"
"USC00067970","STAMFORD 5 N, CT US","41.1247","-73.5475","57.9","2000","         1","       121","        21","       150","        14","0","96","5148","5148","51.6","62.8","40.5"
"USC00067970","STAMFORD 5 N, CT US","41.1247","-73.5475","57.9","2001","         1","       120","         5","       163","        25","-3","104","5778","5778","52.9","64.4","41.5"
"USC00067970","STAMFORD 5 N, CT US","41.1247","-73.5475","57.9","2002","         0","       126","         1","       153","        37","4","98","4747","4747","53.5","64.8","42.2"
"USC00067970","STAMFORD 5 N, CT US","41.1247","-73.5475","57.9","2003",,,,,,,,,,,,
"USC00067970","STAMFORD 5 N, CT US","41.1247","-73.5475","57.9","2004","         5","       116","        19","       166","         3","-3","92",,,"52.6","63.1","42.0"
"USC00067970","STAMFORD 5 N, CT US","41.1247","-73.5475","57.9","2005",,,,,,,,,,,,
"USC00067970","STAMFORD 5 N, CT US","41.1247","-73.5475","57.9","2006",,,,,,,,,,,,
"USC00067970","STAMFORD 5 N, CT US","41.1247","-73.5475","57.9","2007",,,,,,,,,,,,
"USC00067970","STAMFORD 5 N, CT US","41.1247","-73.5475","57.9","2008",,,,,,,,,,,,
"USC00067970","STAMFORD 5 N, CT US","41.1247","-73.5475","57.9","2010",,,,,,,,,,,,
"USC00067970","STAMFORD 5 N, CT US","41.1247","-73.5475","57.9","2012",,,,,,,,,,,,
"USC00067970","STAMFORD 5 N, CT US","41.1247","-73.5475","57.9","2013","         0","       136","        18","       158","        23","2","99",,,"51.9","63.1","40.7"
"USC00067970","STAMFORD 5 N, CT US","41.1247","-73.5475","57.9","2014","         2","       138","        27","       153","        16","-4","94","5985","5985","51.0","62.3","39.8"
"USC00067970","STAMFORD 5 N, CT US","41.1247","-73.5475","57.9","2015","        13","       115","        29","       164","        23","-9","96","6065","6065","52.1","63.8","40.4"
"USC00067970","STAMFORD 5 N, CT US","41.1247","-73.5475","57.9","2016","         1","       111","        12","       162","        25","-5","97","4603","4603","54.1","64.4","43.8"
"USC00067970","STAMFORD 5 N, CT US","41.1247","-73.5475","57.9","2017",,,,,,,,"4938","4938",,,
"USC00067970","STAMFORD 5 N, CT US","41.1247","-73.5475","57.9","2018",,,,,,,,,,,,
"USC00067970","STAMFORD 5 N, CT US","41.1247","-73.5475","57.9","2019",,,,,,,,,,,,
"USC00067373","SHEPAUG DAM, CT US","41.7167","-73.3","256.0","2000",,,,,,,,,,,,
"USC00067373","SHEPAUG DAM, CT US","41.7167","-73.3","256.0","2011",,,,,,,,,,,,
"USC00067373","SHEPAUG DAM, CT US","41.7167","-73.3","256.0","2012",,,,,,,,,,,,
"USC00065910","NORWICH PUBLIC UTILITY PLANT, CT US","41.5268","-72.06517","6.1","2000","         0","       114","        29","       136","        10","2","93","5443","5443","50.1","60.5","39.6"
"USC00065910","NORWICH PUBLIC UTILITY PLANT, CT US","41.5268","-72.06517","6.1","2001","         0","       137","        10","       156","        18","7","102","6086","6086","51.8","62.9","40.7"
"USC00065910","NORWICH PUBLIC UTILITY PLANT, CT US","41.5268","-72.06517","6.1","2002","         0","       137","        10","       144","        29","7","99","5155","5155","51.7","62.5","40.8"
"USC00065910","NORWICH PUBLIC UTILITY PLANT, CT US","41.5268","-72.06517","6.1","2003","         2","       134","        39","       132","        11","-2","95","6421","6421","49.7","59.6","39.7"
"USC00065910","NORWICH PUBLIC UTILITY PLANT, CT US","41.5268","-72.06517","6.1","2004","         4","       130","        30","       146","         3","-5","94","5931","5931","50.0","59.9","40.0"
"USC00065910","NORWICH PUBLIC UTILITY PLANT, CT US","41.5268","-72.06517","6.1","2005",,,,,,,,,,,,
"USC00065910","NORWICH PUBLIC UTILITY PLANT, CT US","41.5268","-72.06517","6.1","2006",,,,,,,,,,,,
"USC00065910","NORWICH PUBLIC UTILITY PLANT, CT US","41.5268","-72.06517","6.1","2007","         0","       137","        33","       152","        13","3","96","5766","5766","50.6","61.1","40.2"
"USC00065910","NORWICH PUBLIC UTILITY PLANT, CT US","41.5268","-72.06517","6.1","2008",,,,,,,,,,,,
"USC00065910","NORWICH PUBLIC UTILITY PLANT, CT US","41.5268","-72.06517","6.1","2009",,,,,,,,,,,,
"USC00065910","NORWICH PUBLIC UTILITY PLANT, CT US","41.5268","-72.06517","6.1","2010",,,,,,,,,,,,
"USC00065910","NORWICH PUBLIC UTILITY PLANT, CT US","41.5268","-72.06517","6.1","2011",,,,,,,,,,,,
"USC00065910","NORWICH PUBLIC UTILITY PLANT, CT US","41.5268","-72.06517","6.1","2012","         0","        97","         8","       147","        16","10","99",,,"54.4","63.9","44.8"
"USC00065910","NORWICH PUBLIC UTILITY PLANT, CT US","41.5268","-72.06517","6.1","2013","         0","       124","        18","       148","        18","7","97","5309","5309","52.0","61.5","42.4"
"USC00065910","NORWICH PUBLIC UTILITY PLANT, CT US","41.5268","-72.06517","6.1","2014","         2","       117","        29","       138","         1","-1","90","5955","5955","50.7","60.5","40.9"
"USC00065910","NORWICH PUBLIC UTILITY PLANT, CT US","41.5268","-72.06517","6.1","2015","         8","       114","        34","       151","        10","-5","94","6096","6096","51.5","61.7","41.4"
"USC00065910","NORWICH PUBLIC UTILITY PLANT, CT US","41.5268","-72.06517","6.1","2016","         3","       105","        15","       151","        20","-7","96","4725","4725","53.4","63.3","43.5"
"USC00065910","NORWICH PUBLIC UTILITY PLANT, CT US","41.5268","-72.06517","6.1","2017","         0","       100","        19","       150","         8","5","94","5075","5075","52.8","61.8","43.8"
"USC00065910","NORWICH PUBLIC UTILITY PLANT, CT US","41.5268","-72.06517","6.1","2018","         2","       116","        17","       141","        21","-1","101","5429","5429","52.7","61.4","44.0"
"USC00065910","NORWICH PUBLIC UTILITY PLANT, CT US","41.5268","-72.06517","6.1","2019","         0","       120","        17","       135","        17","2","96","5579","5579","51.7","60.8","42.5"
"USC00065910","NORWICH PUBLIC UTILITY PLANT, CT US","41.5268","-72.06517","6.1","2020","         0","        94","         7","       147","        16","10","96","5284","5284","53.7","63.1","44.3"
"USC00065910","NORWICH PUBLIC UTILITY PLANT, CT US","41.5268","-72.06517","6.1","2021","         0","       111","        14","       153","        17","10","96","5167","5167","53.5","62.4","44.5"
"USC00065910","NORWICH PUBLIC UTILITY PLANT, CT US","41.5268","-72.06517","6.1","2022","         0","       112","        22","       150","        21","2","96","5138","5138","53.0","62.8","43.2"
"USC00065910","NORWICH PUBLIC UTILITY PLANT, CT US","41.5268","-72.06517","6.1","2023","         2","        93","         3","       150","        12","-5","95","4833","4833","54.2","63.6","44.8"
"USC00065910","NORWICH PUBLIC UTILITY PLANT, CT US","41.5268","-72.06517","6.1","2024","         0","        86","         9","       155","        11","8","95","4774","4774","54.0","63.3","44.6"
"USC00060961","BULLS BRIDGE DAM, CT US","41.6763","-73.5086","79.2","2012",,,,,,,,,,,,
"USC00060961","BULLS BRIDGE DAM, CT US","41.6763","-73.5086","79.2","2013",,,,,,,,,,,,
"USC00063210","GUILFORD, CT US","41.28592","-72.67143","6.1","2020",,,,,,,,,,,,
"USC00063210","GUILFORD, CT US","41.28592","-72.67143","6.1","2021",,,,,,,,,,,,
"USC00063210","GUILFORD, CT US","41.28592","-72.67143","6.1","2022",,,,,,,,,,,,
"USC00063210","GUILFORD, CT US","41.28592","-72.67143","6.1","2023",,,,,,,,,,,,
"USC00063210","GUILFORD, CT US","41.28592","-72.67143","6.1","2024","         0","       114","        10","       153","         3","7","91","5099","5099","52.5","62.4","42.5"
"USW00014740","HARTFORD BRADLEY INTERNATIONAL AIRPORT, CT US","41.93742","-72.68202","51.6","2000","         7","       116","        44","       128","         9","-4","94","5738","5738","49.4","59.2","39.6"
"USW00014740","HARTFORD BRADLEY INTERNATIONAL AIRPORT, CT US","41.93742","-72.68202","51.6","2001","         2","       131","        23","       153","        17","-3","102","6458","6458","50.9","61.5","40.4"
"USW00014740","HARTFORD BRADLEY INTERNATIONAL AIRPORT, CT US","41.93742","-72.68202","51.6","2002","         0","       138","        10","       142","        35","8","99","5313","5313","51.7","62.0","41.3"
"USW00014740","HARTFORD BRADLEY INTERNATIONAL AIRPORT, CT US","41.93742","-72.68202","51.6","2003","         7","       131","        48","       129","        13","-6","94","6625","6625","49.3","58.8","39.7"
"USW00014740","HARTFORD BRADLEY INTERNATIONAL AIRPORT, CT US","41.93742","-72.68202","51.6","2004","         9","       129","        38","       149","         6","-7","94","6080","6080","49.8","59.6","40.0"
"USW00014740","HARTFORD BRADLEY INTERNATIONAL AIRPORT, CT US","41.93742","-72.68202","51.6","2005","         9","       135","        41","       144","        29","-8","97","6259","6259","50.5","60.5","40.5"
"USW00014740","HARTFORD BRADLEY INTERNATIONAL AIRPORT, CT US","41.93742","-72.68202","51.6","2006","         0","       118","        15","       142","        16","4","100","5740","5740","52.3","62.4","42.3"
"USW00014740","HARTFORD BRADLEY INTERNATIONAL AIRPORT, CT US","41.93742","-72.68202","51.6","2007","         0","       131","        32","       157","        20","1","97","5732","5732","51.1","61.4","40.8"
"USW00014740","HARTFORD BRADLEY INTERNATIONAL AIRPORT, CT US","41.93742","-72.68202","51.6","2008","         2","       133","        29","       152","        11","-3","98","5744","5744","51.0","61.0","40.9"
"USW00014740","HARTFORD BRADLEY INTERNATIONAL AIRPORT, CT US","41.93742","-72.68202","51.6","2009","         4","       125","        40","       134","        11","-3","94","6135","6135","49.8","59.5","40.2"
"USW00014740","HARTFORD BRADLEY INTERNATIONAL AIRPORT, CT US","41.93742","-72.68202","51.6","2010","         0","       111","        24","       165","        34","1","102","5435","5435","52.9","63.0","42.7"
"USW00014740","HARTFORD BRADLEY INTERNATIONAL AIRPORT, CT US","41.93742","-72.68202","51.6","2011","         5","       127","        28","       140","        15","-7","103","6110","6110","51.7","61.6","41.7"
"USW00014740","HARTFORD BRADLEY INTERNATIONAL AIRPORT, CT US","41.93742","-72.68202","51.6","2012","         0","       114","        11","       155","        25","4","100","4834","4834","53.7","63.6","43.7"
"USW00014740","HARTFORD BRADLEY INTERNATIONAL AIRPORT, CT US","41.93742","-72.68202","51.6","2013","         3","       136","        33","       149","        20","-4","97","5777","5777","50.7","60.8","40.7"
"USW00014740","HARTFORD BRADLEY INTERNATIONAL AIRPORT, CT US","41.93742","-72.68202","51.6","2014","         3","       125","        42","       147","        15","-9","95","6407","6407","50.2","60.3","40.0"
"USW00014740","HARTFORD BRADLEY INTERNATIONAL AIRPORT, CT US","41.93742","-72.68202","51.6","2015","        10","       120","        42","       165","        18","-9","96","6271","6271","51.1","62.0","40.3"
"USW00014740","HARTFORD BRADLEY INTERNATIONAL AIRPORT, CT US","41.93742","-72.68202","51.6","2016","         3","       124","        18","       155","        31","-12","99","5110","5110","52.7","63.7","41.8"
"USW00014740","HARTFORD BRADLEY INTERNATIONAL AIRPORT, CT US","41.93742","-72.68202","51.6","2017","         3","       117","        27","       157","        16","-3","96","5571","5571","51.7","61.7","41.7"
"USW00014740","HARTFORD BRADLEY INTERNATIONAL AIRPORT, CT US","41.93742","-72.68202","51.6","2018","         4","       134","        22","       146","        32","-9","98","5853","5853","51.5","61.1","41.8"
"USW00014740","HARTFORD BRADLEY INTERNATIONAL AIRPORT, CT US","41.93742","-72.68202","51.6","2019","         4","       133","        29","       148","        27","-7","100","5946","5946","51.4","61.5","41.3"
"USW00014740","HARTFORD BRADLEY INTERNATIONAL AIRPORT, CT US","41.93742","-72.68202","51.6","2020","         0","       117","        12","       153","        39","1","99","5570","5570","53.1","63.6","42.6"
"USW00014740","HARTFORD BRADLEY INTERNATIONAL AIRPORT, CT US","41.93742","-72.68202","51.6","2021","         0","       124","        21","       159","        24","1","99","5476","5476","52.7","62.5","42.9"
"USW00014740","HARTFORD BRADLEY INTERNATIONAL AIRPORT, CT US","41.93742","-72.68202","51.6","2022","         1","       118","        27","       164","        29","-2","97","5375","5375","52.7","63.3","42.2"
"USW00014740","HARTFORD BRADLEY INTERNATIONAL AIRPORT, CT US","41.93742","-72.68202","51.6","2023","         2","       107","         3","       153","        15","-9","96","5060","5060","53.7","63.5","43.8"
"USW00014740","HARTFORD BRADLEY INTERNATIONAL AIRPORT, CT US","41.93742","-72.68202","51.6","2024","         0","        92","         9","       175","        27","5","98","4909","4909","55.0","65.2","44.8"
"USC00064488","MANSFIELD HOLLOW LAK, CT US","41.75694","-72.18556","76.2","2000",,,,,,,,,,,,
"USC00064488","MANSFIELD HOLLOW LAK, CT US","41.75694","-72.18556","76.2","2001",,,,,,,,,,,,
"USC00064488","MANSFIELD HOLLOW LAK, CT US","41.75694","-72.18556","76.2","2002",,,,,,,,,,,,
"USC00064488","MANSFIELD HOLLOW LAK, CT US","41.75694","-72.18556","76.2","2003",,,,,,,,,,,,
"USC00064488","MANSFIELD HOLLOW LAK, CT US","41.75694","-72.18556","76.2","2004","        16","       153","        35","       144","         2","-9","90","6127","6127","47.5","59.2","35.7"
"USC00064488","MANSFIELD HOLLOW LAK, CT US","41.75694","-72.18556","76.2","2005",,,,,,,,"6581","6581",,,
"USC00064488","MANSFIELD HOLLOW LAK, CT US","41.75694","-72.18556","76.2","2006",,,,,,,,,,,,
"USC00064488","MANSFIELD HOLLOW LAK, CT US","41.75694","-72.18556","76.2","2007",,,,,,,,,,,,
"USC00060227","BAKERSVILLE, CT US","41.8418","-73.0085","209.1","2000","         8","       144","        41","       119","         4","-6","93","6303","6303","47.1","57.6","36.5"
"USC00060227","BAKERSVILLE, CT US","41.8418","-73.0085","209.1","2001","         2","       155","        26","       142","         9","-1","95","6950","6950","48.7","59.8","37.6"
"USC00060227","BAKERSVILLE, CT US","41.8418","-73.0085","209.1","2002",,,"        19","       137","        22",,"94",,,,"59.8",
"USC00060227","BAKERSVILLE, CT US","41.8418","-73.0085","209.1","2003","        16","       166","        58","       115","         7","-13","95","7383","7383","46.3","56.5","36.1"
"USC00060227","BAKERSVILLE, CT US","41.8418","-73.0085","209.1","2004","        12","       155","        45","       129","         0","-10","88","7002","7002","46.3","56.5","36.2"
"USC00060227","BAKERSVILLE, CT US","41.8418","-73.0085","209.1","2005","        12","       156","        41","       137","         9","-11","92","6923","6923","47.9","58.6","37.2"
"USC00060227","BAKERSVILLE, CT US","41.8418","-73.0085","209.1","2006","         1","       148","        26","       122","         8","0","95","6382","6382","49.2","59.8","38.6"
"USC00060227","BAKERSVILLE, CT US","41.8418","-73.0085","209.1","2007","         3","       158","        42","       146","         6","-3","92","6431","6431","47.9","58.9","36.9"
"USC00060227","BAKERSVILLE, CT US","41.8418","-73.0085","209.1","2008","         4","       162","        28","       130","         6","-4","95","6702","6702","47.4","58.8","36.0"
"USC00060227","BAKERSVILLE, CT US","41.8418","-73.0085","209.1","2009","         8","       159","        46","       123","         4","-10","91","6926","6926","46.6","57.6","35.5"
"USC00060227","BAKERSVILLE, CT US","41.8418","-73.0085","209.1","2010","         2","       146","        40","       150","        17","-2","99","6304","6304","49.3","60.5","38.1"
"USC00060227","BAKERSVILLE, CT US","41.8418","-73.0085","209.1","2011","         9","       155","        33","       129","         6","-9","98","6672","6672","48.6","59.4","37.9"
"USC00060227","BAKERSVILLE, CT US","41.8418","-73.0085","209.1","2012","         0","       139","        13","       140","         8","1","95","5670","5670","50.0","60.9","39.2"
"USC00060227","BAKERSVILLE, CT US","41.8418","-73.0085","209.1","2013","         3","       169","        43","       133","         8","-4","93","6678","6678","47.3","58.0","36.5"
"USC00060227","BAKERSVILLE, CT US","41.8418","-73.0085","209.1","2014","        19","       165","        49","       128","         0","-9","89","7422","7422","46.1","57.2","35.1"
"USC00060227","BAKERSVILLE, CT US","41.8418","-73.0085","209.1","2015","        23","       152","        45","       142","         1","-16","90","7381","7381","47.0","58.8","35.2"
"USC00060227","BAKERSVILLE, CT US","41.8418","-73.0085","209.1","2016","         7","       162","        30","       142","         8","-16","92","6024","6024","49.0","60.7","37.4"
"USC00060227","BAKERSVILLE, CT US","41.8418","-73.0085","209.1","2017","         7","       146","        33","       138","         3","-5","93","6402","6402","48.2","58.9","37.5"
"USC00060227","BAKERSVILLE, CT US","41.8418","-73.0085","209.1","2018","         5","       164","        27","       132","        11","-8","95","6705","6705","48.2","58.2","38.1"
"USC00060227","BAKERSVILLE, CT US","41.8418","-73.0085","209.1","2019","         9","       161","        42","       127","         8","-11","95","6724","6724","47.4","58.3","36.4"
"USC00060227","BAKERSVILLE, CT US","41.8418","-73.0085","209.1","2020","         2","       160","        15","       140","        17","0","93","6575","6575","49.8","60.7","38.9"
"USC00060227","BAKERSVILLE, CT US","41.8418","-73.0085","209.1","2021","         2","       148","        29","       144","        10","-1","94","6305","6305","49.3","59.8","38.9"
"USC00060227","BAKERSVILLE, CT US","41.8418","-73.0085","209.1","2022","        10","       150","        32","       135","        11","-6","94","6367","6367","48.6","60.1","37.1"
"USC00060227","BAKERSVILLE, CT US","41.8418","-73.0085","209.1","2023","         2","       150","         6","       136","         4","-11","92","6059","6059","49.9","60.6","39.3"
"USC00060227","BAKERSVILLE, CT US","41.8418","-73.0085","209.1","2024","         2","       141","        19","       144","         5","-3","92","5902","5902","49.9","60.7","39.1"
"USW00054734","DANBURY MUNICIPAL AIRPORT, CT US","41.37215","-73.48337","138.0","2000","         5","       138","        37","       118","         0","-2","89",,,"48.0","58.1","38.0"
"USW00054734","DANBURY MUNICIPAL AIRPORT, CT US","41.37215","-73.48337","138.0","2001",,,,,,,,,,,,
"USW00054734","DANBURY MUNICIPAL AIRPORT, CT US","41.37215","-73.48337","138.0","2002","         0","       141","        11","       138","        18","2","94",,,"50.4","60.6","40.1"
"USW00054734","DANBURY MUNICIPAL AIRPORT, CT US","41.37215","-73.48337","138.0","2003","         6","       139","        45","       121","         5","-7","92","6759","6759","48.6","57.9","39.4"
"USW00054734","DANBURY MUNICIPAL AIRPORT, CT US","41.37215","-73.48337","138.0","2004","         4","       117","        34","       144","         1","-2","91","5902","5902","50.1","59.6","40.6"
"USW00054734","DANBURY MUNICIPAL AIRPORT, CT US","41.37215","-73.48337","138.0","2005","         6","       146","        34","       141","        13","-6","96","6333","6333","49.4","59.8","38.9"
"USW00054734","DANBURY MUNICIPAL AIRPORT, CT US","41.37215","-73.48337","138.0","2006","         2","       130","        14","       123","         5","-3","95","5938","5938","51.0","61.2","40.7"
"USW00054734","DANBURY MUNICIPAL AIRPORT, CT US","41.37215","-73.48337","138.0","2007","         0","       143","        36","       147","         8","2","92","6052","6052","49.4","59.8","39.1"
"USW00054734","DANBURY MUNICIPAL AIRPORT, CT US","41.37215","-73.48337","138.0","2008","         1","       142","        25","       131","         4","-3","93","5999","5999","49.5","59.7","39.2"
"USW00054734","DANBURY MUNICIPAL AIRPORT, CT US","41.37215","-73.48337","138.0","2009","         3","       132","        40","       121","         1","-10","90","6445","6445","48.7","58.4","39.0"
"USW00054734","DANBURY MUNICIPAL AIRPORT, CT US","41.37215","-73.48337","138.0","2010","         0","       125","        30","       152","        17","2","100","5809","5809","50.9","61.1","40.7"
"USW00054734","DANBURY MUNICIPAL AIRPORT, CT US","41.37215","-73.48337","138.0","2011","         7","       122","        28","       137","         6","-12","98","6330","6330","50.9","61.0","40.9"
"USW00054734","DANBURY MUNICIPAL AIRPORT, CT US","41.37215","-73.48337","138.0","2012","         0","       124","         9","       145","         8","2","96","4921","4921","52.4","62.2","42.7"
"USW00054734","DANBURY MUNICIPAL AIRPORT, CT US","41.37215","-73.48337","138.0","2013","         0","       144","        32","       132","        12","2","95","5986","5986","49.7","59.6","39.8"
"USW00054734","DANBURY MUNICIPAL AIRPORT, CT US","41.37215","-73.48337","138.0","2014","         5","       134","        41","       131","         0","-7","89","6680","6680","48.4","58.4","38.4"
"USW00054734","DANBURY MUNICIPAL AIRPORT, CT US","41.37215","-73.48337","138.0","2015","        14","       127","        37","       149","         6","-13","94","6659","6659","49.7","60.6","38.9"
"USW00054734","DANBURY MUNICIPAL AIRPORT, CT US","41.37215","-73.48337","138.0","2016","         3","       135","        19","       142","        12","-10","94","5224","5224","51.2","62.1","40.4"
"USW00054734","DANBURY MUNICIPAL AIRPORT, CT US","41.37215","-73.48337","138.0","2017","         1","       117","        26","       143","         6","-5","92","5795","5795","51.0","60.8","41.2"
"USW00054734","DANBURY MUNICIPAL AIRPORT, CT US","41.37215","-73.48337","138.0","2018","         3","       133","        21","       141","        10","-14","93","5844","5844","50.6","59.8","41.5"
"USW00054734","DANBURY MUNICIPAL AIRPORT, CT US","41.37215","-73.48337","138.0","2019","         1","       137","        31","       140","         5","-2","95","5964","5964","50.0","59.7","40.3"
"USW00054734","DANBURY MUNICIPAL AIRPORT, CT US","41.37215","-73.48337","138.0","2020","         0","       127","        14","       137","         5","1","93","5886","5886","51.6","61.6","41.7"
"USW00054734","DANBURY MUNICIPAL AIRPORT, CT US","41.37215","-73.48337","138.0","2021","         0","       120","        20","       159","        18","4","97","5573","5573","53.1","62.8","43.5"
"USW00054734","DANBURY MUNICIPAL AIRPORT, CT US","41.37215","-73.48337","138.0","2022","         1","       121","        20","       157","        25","-1","95","5126","5126","52.9","63.5","42.3"
"USW00054734","DANBURY MUNICIPAL AIRPORT, CT US","41.37215","-73.48337","138.0","2023","         1","       111","         2","       148","        11","-5","93","5008","5008","53.5","63.7","43.3"
"USW00054734","DANBURY MUNICIPAL AIRPORT, CT US","41.37215","-73.48337","138.0","2024","         0","       103","        10","       161","        16","2","93","4980","4980","53.5","63.7","43.3"
"USC00067958","STAFFORDVILLE, CT US","41.9984","-72.2606","224.3","2002",,,,,,,,,,,,
"USC00067958","STAFFORDVILLE, CT US","41.9984","-72.2606","224.3","2003","        20","       147","        40","       124","         4","-10","92",,,"46.9","57.9","35.9"
"USC00067958","STAFFORDVILLE, CT US","41.9984","-72.2606","224.3","2004","        16","       148",,,,"-11",,,,,,"36.7"
"USC00067958","STAFFORDVILLE, CT US","41.9984","-72.2606","224.3","2005","        16","       143","        37","       138","         7","-9","93",,,"48.0","59.4","36.6"
"USC00067958","STAFFORDVILLE, CT US","41.9984","-72.2606","224.3","2006","         0","       142","        16","       118","         6","2","95",,,"49.4","60.1","38.7"
"USC00067958","STAFFORDVILLE, CT US","41.9984","-72.2606","224.3","2007","         6","       151","        37","       143","         8","-3","92","5967","5967","47.7","58.9","36.5"
"USC00067958","STAFFORDVILLE, CT US","41.9984","-72.2606","224.3","2008","         1","       155","        32","       124","         4","-1","95","6489","6489","47.7","58.5","36.9"
"USC00067958","STAFFORDVILLE, CT US","41.9984","-72.2606","224.3","2009","        12","       145","        45","       112","         0","-12","89","6930","6930","46.8","57.1","36.6"
"USC00067958","STAFFORDVILLE, CT US","41.9984","-72.2606","224.3","2010","         4","       136","        39","       141","         7","-2","94","6292","6292","49.3","59.8","38.9"
"USC00067958","STAFFORDVILLE, CT US","41.9984","-72.2606","224.3","2011","         9","       146","        35","       123","         3","-13","97","6860","6860","48.8","59.2","38.4"
"USC00067958","STAFFORDVILLE, CT US","41.9984","-72.2606","224.3","2012","         0","       142","        14","       139","         5","3","95","5568","5568","50.2","60.7","39.8"
"USC00067958","STAFFORDVILLE, CT US","41.9984","-72.2606","224.3","2013","         7","       162","        43","       121","         6","-6","92","6706","6706","46.9","57.6","36.2"
"USC00067958","STAFFORDVILLE, CT US","41.9984","-72.2606","224.3","2014","        17","       157","        54","       121","         0","-13","88","7465","7465","45.9","56.7","35.1"
"USC00067958","STAFFORDVILLE, CT US","41.9984","-72.2606","224.3","2015","        30","       145","        53","       138","         1","-17","91","7544","7544","46.6","58.0","35.2"
"USC00067958","STAFFORDVILLE, CT US","41.9984","-72.2606","224.3","2016","         5","       160","        28","       135","         6","-17","92","6094","6094","48.7","59.7","37.6"
"USC00067958","STAFFORDVILLE, CT US","41.9984","-72.2606","224.3","2017","         7","       144","        38","       134","         3","-7","92","6448","6448","47.9","58.3","37.5"
"USC00067958","STAFFORDVILLE, CT US","41.9984","-72.2606","224.3","2018","         9","       158","        31","       126","         6","-16","94","6767","6767","47.8","57.7","38.0"
"USC00067958","STAFFORDVILLE, CT US","41.9984","-72.2606","224.3","2019","        10","       160","        42","       121","         4","-9","92","6946","6946","46.8","57.3","36.4"
"USC00067958","STAFFORDVILLE, CT US","41.9984","-72.2606","224.3","2020","         0","       155","        21","       135","         7","3","94","6630","6630","49.4","59.9","38.9"
"USC00067958","STAFFORDVILLE, CT US","41.9984","-72.2606","224.3","2021","         1","       148","        38","       142","        10","0","95","6475","6475","48.8","59.0","38.5"
"USC00067958","STAFFORDVILLE, CT US","41.9984","-72.2606","224.3","2022","        10","       150","        40","       134","        10","-10","91","6522","6522","48.1","59.1","37.2"
"USC00067958","STAFFORDVILLE, CT US","41.9984","-72.2606","224.3","2023","         2","       141","         9","       133","         1","-14","90","6095","6095","49.4","59.7","39.1"
"USC00067958","STAFFORDVILLE, CT US","41.9984","-72.2606","224.3","2024","         1","       146","        28","       142","         1","-1","91","6168","6168","49.1","59.6","38.6"
"USC00060808","TRUMBULL, CT US","41.22764","-73.17445","30.5","2007","         0","       126","        23","       156","        12","5","96",,,"52.3","61.5","43.0"
"USC00060808","TRUMBULL, CT US","41.22764","-73.17445","30.5","2008","         0","       124","        11","       138","         9","7","97","5295","5295","52.3","61.7","43.0"
"USC00060808","TRUMBULL, CT US","41.22764","-73.17445","30.5","2009",,,,,,,,,,,,
"USC00060808","TRUMBULL, CT US","41.22764","-73.17445","30.5","2013","         0","       123","        22","       135","        16","7","96",,,"52.0","61.0","43.1"
"USC00060808","TRUMBULL, CT US","41.22764","-73.17445","30.5","2014","         2","       126","        30","       137","         3","-1","92","5919","5919","51.0","60.2","41.8"
"USC00060808","TRUMBULL, CT US","41.22764","-73.17445","30.5","2015","         6","       115","        36","       145","        13","-3","95","6027","6027","52.0","61.7","42.3"
"USC00060808","TRUMBULL, CT US","41.22764","-73.17445","30.5","2016","         2","       114","        15","       145","        17","-7","96","4855","4855","53.5","63.2","43.8"
"USC00060808","TRUMBULL, CT US","41.22764","-73.17445","30.5","2017","         0","       108","        19","       139","        11","3","96","5242","5242","52.9","61.9","44.0"
"USC00060808","TRUMBULL, CT US","41.22764","-73.17445","30.5","2018",,,,,,,,"5474","5474",,,
